ticker,nombre,sector,periodo,report_date,fecha_publicacion,moneda,unidad,ingresos,ingresos_anterior,var_ingresos_pct,beneficio_neto,beneficio_neto_anterior,var_beneficio_pct,margen_neto_pct,bpa_diluido,bpa_diluido_anterior,var_bpa_pct,bpa_basico,resumen_generado,modelo,fuente_url
GOOGL,Alphabet Inc. (Class A),Communication Services,Q1/2026,2026-03-31,2026-04-30,USD,millones,109896.0,90234.0,21.79,62578.0,34540.0,81.18,56.94,5.11,2.84,79.93,5.17,"Los ingresos subieron a $109,896 millones en el trimestre actual desde $90,234 millones en el mismo periodo del año anterior, mientras que el beneficio neto aumentó significativamente a $62,578 millones. El BPA diluido también experimentó un crecimiento considerable.",qwen2.5:7b-instruct,https://www.sec.gov/Archives/edgar/data/1652044/000165204426000048/goog-20260331.htm
AMZN,Amazon,Consumer Discretionary,Q1/2026,2026-03-31,2026-04-30,USD,millions,181519.0,,,30255.0,,,16.67,2.78,,,2.82,"En el primer trimestre de 2025, Amazon reportó ingresos totales de $181,519 millones y un beneficio neto de $30,255 millones, mostrando una mejora en ambos indicadores comparado con el mismo período del año anterior.",qwen2.5:7b-instruct,https://www.sec.gov/Archives/edgar/data/1018724/000101872426000014/amzn-20260331.htm
KO,Coca-Cola Company (The),Consumer Staples,Q2/2026,2026-04-03,2026-04-30,USD,millions,12472.0,11129.0,12.07,3966.0,3335.0,18.92,31.8,0.91,0.77,18.18,,"Los ingresos subieron a $12,472 millones desde $11,129 millones en el mismo trimestre del año anterior, y el beneficio neto aumentó a $3,966 millones frente a $3,335 millones. El BPA diluido también mejoró a $0.91 por acción.",qwen2.5:7b-instruct,https://www.sec.gov/Archives/edgar/data/21344/000162828026028802/ko-20260403.htm
PG,Procter & Gamble,Consumer Staples,Q1/2026,2026-03-31,2026-04-24,USD,millones,21235.0,19776.0,7.38,3951.0,3793.0,4.17,18.61,1.63,1.54,5.84,1.66,"Los ingresos subieron a $21,235 millones desde $19,776 millones en el mismo trimestre del año anterior, y el beneficio neto aumentó a $3,951 millones frente a $3,793 millones. El BPA diluido también creció hasta $1.63.",qwen2.5:7b-instruct,https://www.sec.gov/Archives/edgar/data/80424/000008042426000060/pg-20260331.htm
WMT,Walmart,Consumer Staples,Q2/2026,2026-04-30,2026-05-29,USD,millions,177751.0,165609.0,7.33,5330.0,4487.0,18.79,3.0,0.67,0.56,19.64,,"Los ingresos subieron a $177,751 millones desde $165,609 millones en el mismo trimestre del año anterior, y el beneficio neto aumentó a $5,330 millones contra $4,487 millones. El BPA diluido también creció hasta $0.67 por acción.",qwen2.5:7b-instruct,https://www.sec.gov/Archives/edgar/data/104169/000010416926000102/wmt-20260430.htm
CVX,Chevron Corporation,Energy,Q1/2026,2026-03-31,2026-05-07,USD,millions,48607.0,47610.0,2.09,2293.0,3512.0,-34.71,4.72,1.11,2.0,-44.5,1.12,"Los ingresos subieron a $48,607 millones desde $47,610 millones en el mismo trimestre del año anterior, mientras que el beneficio neto disminuyó a $2,293 millones desde $3,512 millones. El BPA diluido bajó a $1.11 desde $2.00.",qwen2.5:7b-instruct,https://www.sec.gov/Archives/edgar/data/93410/000009341026000113/cvx-20260331.htm
XOM,ExxonMobil,Energy,Q1/2026,2026-03-31,2026-05-04,USD,millions,85138.0,83130.0,2.42,4183.0,7713.0,-45.77,4.91,1.0,1.76,-43.18,,"Los ingresos subieron a $85,138 millones desde $83,130 millones en el mismo trimestre del año anterior, mientras que el beneficio neto disminuyó a $4,183 millones contra $7,713 millones. El BPA diluido bajó a $1.00 por acción desde $1.76.",qwen2.5:7b-instruct,https://www.sec.gov/Archives/edgar/data/34088/000003408826000067/xom-20260331.htm
JPM,JPMorgan Chase,Financials,Q1/2026,2026-03-31,2026-05-01,USD,millones,49836.0,45310.0,9.99,16494.0,14643.0,12.64,33.1,5.94,5.07,17.16,5.95,"Los ingresos subieron a $49,836 millones desde $45,310 millones en el mismo trimestre del año anterior, mientras que el beneficio neto aumentó a $16,494 millones desde $14,643 millones. El BPA diluido también creció hasta $5.94 por acción.",qwen2.5:7b-instruct,https://www.sec.gov/Archives/edgar/data/19617/000162828026029344/jpm-20260331.htm
MA,Mastercard,Financials,Q1/2026,2026-03-31,2026-04-30,USD,millions,8398.0,7250.0,15.83,3882.0,3280.0,18.35,46.23,4.35,3.59,21.17,,"Los ingresos subieron a $8,398 millones desde $7,250 millones en el mismo trimestre del año anterior, y el beneficio neto aumentó a $3,882 millones frente a $3,280 millones. El BPA diluido también mejoró a $4.35 por acción.",qwen2.5:7b-instruct,https://www.sec.gov/Archives/edgar/data/1141391/000114139126000031/ma-20260331.htm
V,Visa Inc.,Financials,Q1/2026,2026-03-31,2026-04-29,USD,millones,11230.0,9594.0,17.05,6021.0,4577.0,31.55,53.62,3.14,2.32,35.34,3.15,"Visa reportó ingresos de $11,230 millones y un beneficio neto de $6,021 millones en el primer trimestre de 2026, subiendo significativamente respecto al año anterior.",qwen2.5:7b-instruct,https://www.sec.gov/Archives/edgar/data/1403161/000140316126000079/v-20260331.htm
JNJ,Johnson & Johnson,Health Care,Q1/2026,2026-03-29,2026-04-22,USD,millions,24062.0,21893.0,9.91,5235.0,10999.0,-52.4,21.76,2.14,4.54,-52.86,2.17,"Los ingresos subieron a $24,062 millones en el primer trimestre de 2026 desde $21,893 millones en el mismo periodo del año anterior. El beneficio neto disminuyó a $5,235 millones contra $10,999 millones en el primer trimestre de 2025.",qwen2.5:7b-instruct,https://www.sec.gov/Archives/edgar/data/200406/000020040626000087/jnj-20260329.htm
PFE,Pfizer,Health Care,Q1/2026,2026-03-29,2026-05-05,USD,millions,14451.0,13715.0,5.37,2687.0,2967.0,-9.44,18.59,0.47,0.52,-9.62,0.47,"Los ingresos subieron a $14,451 millones desde $13,715 millones en el mismo trimestre del año anterior, mientras que el beneficio neto disminuyó a $2,687 millones de los $2,967 millones. El BPA diluido fue de $0.47 por acción.",qwen2.5:7b-instruct,https://www.sec.gov/Archives/edgar/data/78003/000007800326000054/pfe-20260329.htm
UNH,UnitedHealth Group,Health Care,Q1/2026,2026-03-31,2026-05-05,USD,millions,111721.0,109575.0,1.96,6481.0,6474.0,0.11,5.8,6.9,6.85,0.73,6.92,"Los ingresos subieron a $111,721 millones desde $109,575 millones en el mismo trimestre del año anterior, mientras que el beneficio neto también aumentó a $6,481 millones frente a $6,474 millones. El BPA diluido se mantuvo estable en $6.90.",qwen2.5:7b-instruct,https://www.sec.gov/Archives/edgar/data/731766/000073176626000127/unh-20260331.htm
CAT,Caterpillar Inc.,Industrials,Q1/2026,2026-03-31,2026-05-06,USD,millions,17415.0,14249.0,22.22,2548.0,2003.0,27.21,14.63,5.47,4.2,30.24,,"Los ingresos subieron a $17,415 millones desde $14,249 millones en el mismo trimestre del año anterior, y el beneficio neto aumentó a $2,548 millones frente a $2,003 millones. El BPA diluido también creció hasta $5.47 por acción.",qwen2.5:7b-instruct,https://www.sec.gov/Archives/edgar/data/18230/000001823026000021/cat-20260331.htm
HON,Honeywell,Industrials,Q1/2026,2026-03-31,2026-04-23,USD,millions,9143.0,8925.0,2.44,795.0,1467.0,-45.81,8.7,1.29,2.22,-41.89,1.29,"Los ingresos subieron a $9,143 millones en el primer trimestre de 2026 desde $8,925 millones en el mismo periodo del año anterior, mientras que el beneficio neto disminuyó a $795 millones desde $1,467 millones. El BPA diluido bajó a $1.29 desde $2.22.",qwen2.5:7b-instruct,https://www.sec.gov/Archives/edgar/data/773840/000077384026000057/hon-20260331.htm
AAPL,Apple Inc.,Information Technology,Q1/2026,2026-03-28,2026-05-01,USD,millones,111184.0,95359.0,16.6,29578.0,24780.0,19.36,26.6,2.01,1.65,21.82,2.02,"Los ingresos subieron a $111,184 millones desde $95,359 millones en el mismo trimestre del año anterior, y el beneficio neto aumentó a $29,578 millones contra $24,780 millones. El BPA diluido también creció hasta $2.01.",qwen2.5:7b-instruct,https://www.sec.gov/Archives/edgar/data/320193/000032019326000013/aapl-20260328.htm
MSFT,Microsoft,Information Technology,Q1/2026,2026-03-31,2026-04-29,USD,millions,82886.0,70066.0,18.3,31778.0,25824.0,23.06,38.34,4.27,3.46,23.41,,"Los ingresos subieron un 18% y el beneficio neto aumentó un 23% en comparación con el mismo trimestre del año anterior, impulsados por el crecimiento en Microsoft Cloud.",qwen2.5:7b-instruct,https://www.sec.gov/Archives/edgar/data/789019/000119312526191507/msft-20260331.htm
NVDA,Nvidia,Information Technology,Q2/2026,2026-04-26,2026-05-20,USD,millions,81615.0,44062.0,85.23,58321.0,18775.0,210.63,71.46,2.39,0.76,214.47,2.4,"Los ingresos subieron a $81,615 millones desde $44,062 millones en el mismo trimestre del año anterior, y el beneficio neto aumentó significativamente a $58,321 millones frente a $18,775 millones. El BPA diluido también experimentó un crecimiento considerable, pasando de $0.76 a $2.39.",qwen2.5:7b-instruct,https://www.sec.gov/Archives/edgar/data/1045810/000104581026000052/nvda-20260426.htm
